to,cc,bcc,subject,code,name,date,number,product,fees
svasquez0@house.gov,svasquez0@state.tx.us,svasquez0@mac.com,Suspendisse potenti.,1,Stephen Vasquez,2015-11-23,1,mi in,33
aalvarez1@omniture.com,aalvarez1@list-manage.com,aalvarez1@naver.com,Mauris lacinia sapien quis libero.,2,Alan Alvarez,2016-04-08,2,felis,37
shill2@microsoft.com,shill2@dailymail.co.uk,shill2@storify.com,Quisque id justo sit amet sapien dignissim vestibulum.,3,Sharon Hill,2016-01-13,3,id,48
jhayes3@wikipedia.org,jhayes3@domainmarket.com,jhayes3@yale.edu,Sed ante.,4,Jeremy Hayes,2016-01-05,4,congue vivamus,17
randrews4@theatlantic.com,randrews4@liveinternet.ru,randrews4@salon.com,Morbi vel lectus in quam fringilla rhoncus.,5,Ryan Andrews,2016-06-06,5,nulla,64
thunt5@google.com.br,thunt5@goo.gl,thunt5@pinterest.com,Curabitur at ipsum ac tellus semper interdum.,6,Thomas Hunt,2016-03-22,6,ut blandit,53
jmorales6@twitter.com,jmorales6@microsoft.com,jmorales6@discovery.com,Sed ante.,7,Janice Morales,2016-04-05,7,sit amet,48
aedwards7@live.com,aedwards7@reverbnation.com,aedwards7@etsy.com,Nulla nisl.,8,Andrea Edwards,2015-12-20,8,parturient,50
dbarnes8@army.mil,dbarnes8@rediff.com,dbarnes8@webeden.co.uk,Curabitur in libero ut massa volutpat convallis.,9,Debra Barnes,2016-06-19,9,sit,91
adean9@newsvine.com,adean9@cornell.edu,adean9@amazonaws.com,Suspendisse potenti.,10,Antonio Dean,2016-05-29,10,convallis,50
